{"cameraMode":{"drawMode":0,"name":"Shaded","section":"Shading Mode"},"sceneLighting":true,"audioPlay":false,"sceneViewState":{"showFog":true,"showMaterialUpdate":false,"showSkybox":true,"showFlares":true,"showImageEffects":true,"showParticleSystems":true},"in2DMode":false,"pivot":{"x":-8.404668807983399,"y":2.7891156673431398,"z":4.804136276245117},"rotation":{"x":-0.11409486830234528,"y":-0.856468915939331,"z":0.21452748775482179,"w":-0.4557890295982361},"size":2.652085065841675,"orthographic":false}