{"cameraMode":{"drawMode":0,"name":"Shaded","section":"Shading Mode"},"sceneLighting":true,"audioPlay":false,"sceneViewState":{"showFog":true,"showMaterialUpdate":false,"showSkybox":true,"showFlares":true,"showImageEffects":true,"showParticleSystems":true},"in2DMode":false,"pivot":{"x":-13.685546875,"y":1.21826171875,"z":2.945556640625},"rotation":{"x":0.06685346364974976,"y":-0.8458884954452515,"z":0.1092100441455841,"w":0.5177964568138123},"size":3.452972888946533,"orthographic":true}